Voltage,Current,Signal_Strength,Response_Frequency,Timestamp,Hour,Anomaly_Score
0.3381130520394715,0.9039192712245178,0.019947705366737845,0.9930572268918048,2025-03-26 20:07:51,20,-1
0.3574807341391377,0.37336057228503433,0.06070772401140889,0.997861698884421,2025-03-26 23:07:51,23,-1
0.35954040940154774,0.5075758334418218,0.02996066288100452,0.9932389336164131,2025-03-27 05:07:51,5,-1
0.20877923552294453,0.940010882228253,0.021340473588013165,0.990572786549469,2025-03-27 12:07:51,12,-1
0.07858194284541464,0.5649745803165193,0.07886789143650641,0.9948210309598831,2025-03-27 15:07:51,15,-1
0.01824043281241483,0.8840775642502111,0.168385942052383,0.988868091037224,2025-03-28 12:07:51,12,-1
0.1705553827356081,0.581538266387601,0.0524175398761737,0.9895879534834595,2025-03-29 15:07:51,15,-1
0.27848028195663543,0.5912688477856668,0.017503938543732334,0.9903859249397295,2025-03-30 03:07:51,3,-1
0.030993743205236735,0.7442476074119324,0.198759541543726,0.9890418213806826,2025-03-31 15:07:51,15,-1
0.098651950959044,0.9585874467154699,0.07924313375090675,0.9952263382677053,2025-04-01 00:07:51,0,-1
0.10677680464112438,0.6515350284239796,0.09282598518314078,0.9968291622971178,2025-04-02 02:07:51,2,-1
0.09423755936899725,0.9383919004175972,0.04543725253239561,0.9972295647257854,2025-04-02 04:07:51,4,-1
0.10283624258789503,0.9780152284433408,0.035408088871785814,0.9967688275214961,2025-04-02 12:07:51,12,-1
0.3861229679848377,0.44340406781697833,0.0899691216890921,0.9881974916733725,2025-04-02 18:07:51,18,-1
0.03813165245445305,0.6223666509775646,0.06703778475024458,0.9936304905955372,2025-04-03 06:07:51,6,-1
0.3460110127284568,0.9440333009536971,0.151819779169448,0.9942950064806312,2025-04-03 12:07:51,12,-1
0.07669624560244537,0.9495478534304055,0.013589573981828584,0.993413128256685,2025-04-04 00:07:51,0,-1
0.272622754721459,0.9208902063283828,0.11435202915057596,0.9882068609449617,2025-04-05 02:07:51,2,-1
0.35763787557605187,0.49034118789869513,0.16850406685239472,0.9956404553099317,2025-04-05 20:07:51,20,-1
0.037180786412717826,0.84432405005825,0.013796652518434316,0.9993172098685408,2025-04-06 02:07:51,2,-1
0.021829030116637727,0.3331964709534635,0.0581788048935441,0.9904784271509729,2025-04-06 12:07:51,12,-1
0.0507133900539094,0.5633889795741244,0.15807919311478114,0.9995051191223715,2025-04-07 06:07:51,6,-1
0.14963793330147768,0.5128166611587904,0.19792578533334582,0.9891805270773616,2025-04-07 08:07:51,8,-1
0.21810509875858308,0.6298740532294514,0.10224485738461175,0.9998913069255275,2025-04-08 01:07:51,1,-1
0.1250853855256704,0.965193560124311,0.10543484722015695,0.9906553242367985,2025-04-08 19:07:51,19,-1
0.00733032733523431,0.5880041793097462,0.11102570760986841,0.9964883208160501,2025-04-09 00:07:51,0,-1
0.19711549254219607,0.9533299284643707,0.11771848591296763,0.9938060424111091,2025-04-09 07:07:51,7,-1
0.0918627994907335,0.6610486328783494,0.1197376917169608,0.9914259855164157,2025-04-09 14:07:51,14,-1
0.268404789927555,0.8532902049931402,0.16086480958768457,0.9972785778021932,2025-04-10 04:07:51,4,-1
0.23029879321790392,0.4051126444148466,0.06692830322828258,0.9956930160901942,2025-04-10 07:07:51,7,-1
0.08900218394527637,0.421279095773623,0.19127464282103657,0.9966961234025691,2025-04-10 14:07:51,14,-1
0.29132018048816466,0.39471777975838784,0.1090929545939594,0.9922045041267178,2025-04-11 02:07:51,2,-1
0.37114161650434085,0.4787980144940599,0.09560671980455338,0.9962088022294628,2025-04-11 03:07:51,3,-1
0.17806610202648332,0.5093583824869563,0.03191626456249819,0.997806876145325,2025-04-11 11:07:51,11,-1
0.3392258699702715,0.9258940284606988,0.09467586676923112,0.9977287671352907,2025-04-12 10:07:51,10,-1
0.13158190115482937,0.4231517737030621,0.02026654629034641,0.9975492866543763,2025-04-12 12:07:51,12,-1
0.010116380872359665,0.4906716604744786,0.010102171349506417,0.9975092023628375,2025-04-13 02:07:51,2,-1
0.3006813203729064,0.7285518291156353,0.17347555233798007,0.9990096906126043,2025-04-13 09:07:51,9,-1
0.3561249883747408,0.8794776530438527,0.09169137487083368,0.9985551678425837,2025-04-13 10:07:51,10,-1
0.008370988483777708,0.5732831282066688,0.06929852215751353,0.9927910181471957,2025-04-13 11:07:51,11,-1
0.16796014380044988,0.4532448067403054,0.18836726016709138,0.9958550437729512,2025-04-14 00:07:51,0,-1
0.23157356303776866,0.9854758971996622,0.1899155073553198,0.9895012014096719,2025-04-14 12:07:51,12,-1
0.0084231017154075,0.7637888847718906,0.04465339524668144,0.9938200070306443,2025-04-15 12:07:51,12,-1
0.0644271873927671,0.7531136191420398,0.07836057903320448,0.997557120174968,2025-04-15 18:07:51,18,-1
0.3608536628386161,0.8106458902897811,0.1618778337872424,0.9911290974669966,2025-04-15 23:07:51,23,-1
0.014990170642772638,0.34449262445296774,0.17681832011608756,0.9955093688430077,2025-04-16 07:07:51,7,-1
0.1080146943278355,0.8604938395238525,0.073270848702079,0.9984826422993541,2025-04-16 16:07:51,16,-1
0.0009019597782062849,0.6534410874216797,0.026066866119644816,0.9919445098163776,2025-04-16 19:07:51,19,-1
0.3352083406826356,0.9685216526299275,0.14780229549859114,0.9890594646595838,2025-04-17 21:07:51,21,-1
3.768187517882993e-05,0.7013262298420074,0.16977028707907804,0.9894100325636357,2025-04-19 00:07:51,0,-1
0.3702292340798088,0.6848827156166651,0.12259319469502028,0.9958199953160786,2025-04-19 10:07:51,10,-1
0.3804843163225058,0.6012197442342551,0.0907597615471647,0.9917985182312454,2025-04-20 01:07:51,1,-1
0.28140423512207335,0.9711854618771512,0.13162075848886468,0.9964868564953315,2025-04-20 03:07:51,3,-1
0.014487478393052644,0.4689773042116894,0.05552781948081664,0.9882551240034405,2025-04-20 12:07:51,12,-1
0.3046138650058847,0.3759375907547794,0.13490562430707476,0.9959586414875251,2025-04-21 05:07:51,5,-1
0.09632128689215946,0.7473653991875048,0.16229599237806958,0.9884610932127997,2025-04-22 08:07:51,8,-1
0.16156625115050005,0.9534534384169362,0.04766279659223582,0.9886950154713223,2025-04-22 10:07:51,10,-1
0.032233236375998064,0.8940618417670603,0.14413700540066854,0.9932289571874529,2025-04-22 17:07:51,17,-1
0.3881994798297743,0.33407105494190026,0.19495665926259198,0.9973604845220586,2025-04-23 06:07:51,6,-1
0.06485932634428115,0.47335690036752565,0.11463147513325911,0.9899475573177988,2025-04-23 10:07:51,10,-1
0.059222278165999453,0.8580970788227166,0.0014720983080045436,0.9986930401860084,2025-04-23 14:07:51,14,-1
0.33475776166454474,0.5380293820162834,0.0025368221151556014,0.9922709580962364,2025-04-24 00:07:51,0,-1
0.2675517364128783,0.33295278915515863,0.003278243306556794,0.9933771631112326,2025-04-24 03:07:51,3,-1
0.07057093653089441,0.5744347750616715,0.15602625451728858,0.9882259923546745,2025-04-25 05:07:51,5,-1
0.39321116922849964,0.565849164304956,0.028141432919849274,0.9882144682696701,2025-04-25 19:07:51,19,-1
0.3785304710074051,0.7513510987378619,0.15025286490154266,0.9894560217582344,2025-04-27 12:07:51,12,-1
0.11897851652069624,0.4917331784451766,0.005082367538713051,0.9924653436953589,2025-04-28 09:07:51,9,-1
0.10799785774530912,0.9936075254280288,0.09056880912654952,0.9966494318102271,2025-04-28 17:07:51,17,-1
0.1427790302769858,0.9651267979877893,0.18919097256825634,0.9963855802648236,2025-04-30 05:07:51,5,-1
0.1085703015512105,0.6912718520818104,0.05459328504928784,0.9991354555237464,2025-04-30 06:07:51,6,-1
0.18372078852931661,0.3542799536670773,0.04464447186239884,0.9905209638820891,2025-04-30 21:07:51,21,-1
0.03968783372511808,0.6860076576170591,0.09942868932471338,0.9913149471477842,2025-05-01 06:07:51,6,-1
0.07079382081386476,0.9449345897967427,0.06847302908100938,0.9916735033380323,2025-05-01 08:07:51,8,-1
0.17248196882185618,0.4738776450323964,0.013733068403523063,0.9928039946478722,2025-05-01 18:07:51,18,-1
0.2909914662578852,0.6281682806413171,0.02578303847517227,0.9930926205950257,2025-05-02 05:07:51,5,-1
0.10876512486330325,0.6592293646581278,0.07233401339792156,0.9892888630004394,2025-05-02 06:07:51,6,-1
0.05914050047944208,0.5680356242760481,0.11895483481065061,0.9966784682186213,2025-05-02 07:07:51,7,-1
0.38831813764948486,0.7123820396500329,0.18253730909984944,0.9892443262215126,2025-05-02 16:07:51,16,-1
0.2766338700728945,0.37890182961635144,0.184326587701652,0.9938524125671957,2025-05-02 18:07:51,18,-1
0.34935026826288196,0.9756151296353786,0.008674269803565782,0.9926884085514807,2025-05-03 15:07:51,15,-1
0.3410754888221128,0.6423986300409585,0.044496475733386776,0.989841519068694,2025-05-04 05:07:51,5,-1
0.36812706649006977,0.7146920095736904,0.15085873468371624,0.9960139999537132,2025-05-06 03:07:51,3,-1
0.3441581869085151,0.9838902964572672,0.09159669896404932,0.99990022380535,2025-05-08 06:07:51,6,-1
0.11432841277527839,0.3678226530605433,0.1757815269018932,0.9970751086525974,2025-05-09 03:07:51,3,-1
0.06362865233579562,0.7762967710492672,0.132075691026579,0.9971044903073398,2025-05-10 21:07:51,21,-1
0.3033631474467724,0.9763194701756847,0.13492034989190027,0.9982956378290567,2025-05-10 22:07:51,22,-1
0.21498311531295222,0.3462952021390589,0.1579618486107044,0.9966526699828729,2025-05-11 05:07:51,5,-1
0.2987683639010843,0.852292111052138,0.035600942013268355,0.9943991399222972,2025-05-11 09:07:51,9,-1
0.10025543500918843,0.4158212911129583,0.034361031764907235,0.990616216159072,2025-05-12 01:07:51,1,-1
0.23185016403641834,0.9614081469835198,0.09827367127256714,0.9949334741240006,2025-05-13 07:07:51,7,-1
0.3696271258189796,0.8218619292254591,0.1745791508887664,0.9989657014658161,2025-05-13 22:07:51,22,-1
0.09521327941350988,0.8355448291056211,0.16987720762976588,0.9914529742568132,2025-05-14 00:07:51,0,-1
0.15648641367964333,0.5600508727480297,0.16717082120565063,0.9902644339402781,2025-05-14 18:07:51,18,-1
0.19101984792557292,0.7702214166257748,0.01587179953869322,0.9990034404631959,2025-05-15 02:07:51,2,-1
0.2737067099393564,0.9425478434160851,0.13165639200323143,0.9995428343096583,2025-05-15 09:07:51,9,-1
0.26796703878186534,0.8873121897646968,0.07134681899457207,0.9998281744639801,2025-05-15 20:07:51,20,-1
0.32864127175527025,0.5082968645162583,0.13013431474020853,0.9995521083408756,2025-05-16 00:07:51,0,-1
0.02816680082483214,0.9427781727870856,0.06292744586311816,0.9915632149873298,2025-05-16 13:07:51,13,-1
0.37816888535409765,0.4692176479031682,0.10340037562646032,0.9998408652435407,2025-05-16 21:07:51,21,-1
0.09387998242581475,0.8665257985586056,0.1903373473423533,0.9955461316265751,2025-05-17 04:07:51,4,-1
0.2912849038390617,0.6866619265549736,0.03377216843259978,0.9913861631358998,2025-05-18 14:07:51,14,-1
0.33608063600591387,0.89659212674124,0.14369991963151962,0.9881455380504811,2025-05-18 22:07:51,22,-1
0.3244762219350208,0.8711323859786161,0.18156083876370976,0.9989036761735924,2025-05-19 03:07:51,3,-1
0.3546201185936806,0.7514545800494707,0.13905245703485547,0.9975079523329559,2025-05-19 13:07:51,13,-1
0.2996358487722126,0.5547966926037567,0.18122541154958438,0.9942483386983823,2025-05-19 14:07:51,14,-1
0.28955955500110675,0.8985449192345053,0.08468871904358477,0.99185388860248,2025-05-20 04:07:51,4,-1
0.20353904964707348,0.4818223392785016,0.006570611970295959,0.9896635743387772,2025-05-22 01:07:51,1,-1
0.3799695979424096,0.5275410503686939,0.03905359146509935,0.9944195213618917,2025-05-22 04:07:51,4,-1
0.25669534765137736,0.4557049914711371,0.10084292568799658,0.9971573010935786,2025-05-22 08:07:51,8,-1
0.3672339258741397,0.7046509842407976,0.13766853216751018,0.9922059922575293,2025-05-22 10:07:51,10,-1
0.28121983445630705,0.9591182057008188,0.11855044144042082,0.9975555248987381,2025-05-23 04:07:51,4,-1
0.016466177710930507,0.67701479782756,0.06439398206163705,0.9938961278979146,2025-05-23 12:07:51,12,-1
0.3579890385830333,0.8542749465068381,0.07833945102019402,0.9928891514454299,2025-05-24 21:07:51,21,-1
0.23773414875842236,0.42593241668919896,0.12900460628698052,0.997412461955043,2025-05-24 23:07:51,23,-1
0.0455549818645955,0.434080735451696,0.18264334931666193,0.9955855254254173,2025-05-26 00:07:51,0,-1
0.27123654276010933,0.3690544144793722,0.08620973590443937,0.9958371623931201,2025-05-26 01:07:51,1,-1
0.2620806488337861,0.9730881827680249,0.1448869898397669,0.9907531599088703,2025-05-26 12:07:51,12,-1
0.08431359658265491,0.4504908686087773,0.049549672208682116,0.991594453829325,2025-05-27 17:07:51,17,-1
0.38465177136883044,0.4567998905100961,0.15616816833952463,0.9883171016754783,2025-05-28 08:07:51,8,-1
0.2136690601338591,0.42961768662520744,0.09227099469744915,0.993669027231032,2025-05-28 19:07:51,19,-1
0.15889324323890963,0.7803425565224938,0.18627246569533984,0.9987942687963304,2025-05-29 23:07:51,23,-1
0.0456062933542003,0.4774527574431437,0.08091888929795532,0.9925703343003724,2025-05-30 02:07:51,2,-1
0.23269680361489464,0.8948095776961055,0.0829543412634679,0.9899941655748152,2025-05-30 13:07:51,13,-1
0.36358279269196125,0.8111265776727388,0.0708976686498124,0.9933801869930415,2025-05-31 02:07:51,2,-1
0.36490727051738037,0.42466059798845684,0.12205010872423516,0.9921148710316791,2025-05-31 23:07:51,23,-1
0.3640141299014501,0.3356065840819038,0.009153171431797613,0.9975336553283322,2025-06-01 18:07:51,18,-1
0.3327942954451433,0.9566646971836393,0.07503011592176478,0.9946648010347676,2025-06-02 10:07:51,10,-1
0.024703275276521053,0.48218619292254594,0.03959465666948869,0.997026321772073,2025-06-02 22:07:51,22,-1
0.19659355848387405,0.465221934032333,0.08189774053707621,0.9903491026309297,2025-06-03 05:07:51,5,-1
0.060251714926191635,0.597090506090376,0.011213312760998129,0.9895330474090381,2025-06-03 22:07:51,22,-1
0.26713723578591586,0.4057468847118046,0.18372423925498005,0.9920032493157694,2025-06-04 01:07:51,1,-1
0.39491246580570283,0.9763762179917282,0.1947683478436033,0.9983246147122184,2025-06-04 09:07:51,9,-1
0.10314892197767334,0.705331958033321,0.04327539262540725,0.9935837275729164,2025-06-04 12:07:51,12,-1
0.21036908995866255,0.34135814214326493,0.00022650590462980347,0.9884026751496632,2025-06-04 15:07:51,15,-1
0.07324715141058524,0.34433239532531523,0.1555882283915,0.9935164164400502,2025-06-05 00:07:51,0,-1
0.06987422271110688,0.6183709371067293,0.10296729137492688,0.996049512707399,2025-06-05 01:07:51,1,-1
0.2692506277640061,0.9921988443474169,0.09575167478017743,0.9937237428247095,2025-06-05 17:07:51,17,-1
0.24203228775483399,0.3385774991571281,0.18775122653017395,0.9941238357221683,2025-06-05 19:07:51,19,-1
0.35979776859159607,0.9107456996838814,0.027391568526279553,0.9930289166912467,2025-06-07 10:07:51,10,-1
0.05729649382177637,0.39274162051733985,0.1920990554877844,0.9889956893255258,2025-06-07 12:07:51,12,-1
0.0574849031976683,0.9797744107406926,0.08660726667195817,0.99420894489954,2025-06-08 07:07:51,7,-1
0.023346727770099163,0.8570155322110619,0.03452371346356853,0.9942984946592534,2025-06-08 08:07:51,8,-1
0.17243787301047742,0.9023370085889489,0.1350091435677898,0.9975500842924913,2025-06-08 13:07:51,13,-1
0.3766688260251878,0.9024304755800795,0.01837166763866893,0.9926295857167634,2025-06-08 16:07:51,16,-1
0.24268250053716733,0.6039236107633916,0.0519503226793796,0.9901651577575807,2025-06-11 17:07:51,17,-1
0.26746434653214535,0.6722780242413319,0.18177542014584458,0.999695564151105,2025-06-11 19:07:51,19,-1
0.37120735935039684,0.8140374068250932,0.12439117659763665,0.9907541718378221,2025-06-11 20:07:51,20,-1
0.26197642237052676,0.45639597958413874,0.1440075963209808,0.9972133738625563,2025-06-11 21:07:51,21,-1
0.32834061849586815,0.7458031651928926,0.03578677249133544,0.9927898276425465,2025-06-12 02:07:51,2,-1
0.342223583402016,0.9598425748820815,0.09882287956530433,0.9972571963386935,2025-06-12 07:07:51,7,-1
0.01965149877654171,0.5511715085906179,0.037068078439429275,0.9930902395857273,2025-06-12 10:07:51,10,-1
0.20608939102882773,0.8491843335970438,0.14378787298870987,0.9882341711216145,2025-06-12 13:07:51,13,-1
0.06155454571693397,0.8432525177670737,0.1182297598187092,0.994879508548252,2025-06-13 02:07:51,2,-1
0.11796190763290482,0.7589352774467488,0.14924064100550805,0.9981594202870946,2025-06-13 05:07:51,5,-1
0.22442442940020113,0.43900444302018565,0.19847915520440318,0.9924077113652908,2025-06-13 06:07:51,6,-1
0.17400287344341803,0.923006566056127,0.16400588087037926,0.9935522030098054,2025-06-14 01:07:51,1,-1
0.3591563749715383,0.6340333343347654,0.09058267438508749,0.9962440292620329,2025-06-14 04:07:51,4,-1
0.01949836604975319,0.8871085652483052,0.12781355456870602,0.9924159377524168,2025-06-14 08:07:51,8,-1
0.20506636820483548,0.9135931048065401,0.00680340025758186,0.9962449697607058,2025-06-14 10:07:51,10,-1
0.3887534835690989,0.44408837971632775,0.0361163774973301,0.9956470149905489,2025-06-14 11:07:51,11,-1
0.230633119642359,0.3358068704914695,0.025375744004671574,0.9980797517159696,2025-06-15 07:07:51,7,-1
0.25228736999753076,0.3734373487420345,0.08436609668582928,0.9976068237440724,2025-06-15 08:07:51,8,-1
0.09965653371645944,0.8817675943265537,0.15674030532819905,0.9967520533109887,2025-06-15 16:07:51,16,-1
0.04268554715686279,0.5462945345176936,0.1790702341770143,0.9994735231289815,2025-06-16 02:07:51,2,-1
0.06952225796210021,0.5913823434177541,0.15176087683014683,0.9887088253252531,2025-06-16 08:07:51,8,-1
0.09382466222608499,0.9714358198891082,0.19862941219086783,0.997373556263107,2025-06-16 09:07:51,9,-1
0.37623187662152335,0.9078649134929617,0.023537746925899272,0.9926503600228921,2025-06-16 10:07:51,10,-1
0.3552983923468913,0.6530905862049398,0.00805785602247533,0.9955195595628048,2025-06-16 18:07:51,18,-1
0.025930742316906175,0.9787162308768206,0.1952719588431111,0.9972348981866138,2025-06-16 20:07:51,20,-1
0.34235587083615315,0.7303577449085527,0.13186987296802188,0.9976283718782231,2025-06-16 22:07:51,22,-1
0.26738978452381357,0.866652646617997,0.1790137527558704,0.9919725581059129,2025-06-17 08:07:51,8,-1
0.3446384303815331,0.4159715059201325,0.03611713778567682,0.9953836277419584,2025-06-17 12:07:51,12,-1
0.19601229551569688,0.9876122855683627,0.08022386570330697,0.9935062852454855,2025-06-18 06:07:51,6,-1
0.35552368185593686,0.7202633098664424,0.19120917799284576,0.9893912940204571,2025-06-18 14:07:51,14,-1
0.3839005390913379,0.4510917278374743,0.032501546536539916,0.9975312981291268,2025-06-19 16:07:51,16,-1
0.05307532205977172,0.5089745002019554,0.0725330688917083,0.9937850419090971,2025-06-19 17:07:51,17,-1
0.18006083618486257,0.8728414966735766,0.17258745551838017,0.9980872161801202,2025-06-20 07:07:51,7,-1
0.09575605876448368,0.5928577866348879,0.02272453850847489,0.9983558535542136,2025-06-20 15:07:51,15,-1
0.004098505232168481,0.7493649251763355,0.025800945266502007,0.9955640963417317,2025-06-20 16:07:51,16,-1
0.39593388514564487,0.6778025910385185,0.00809795122898338,0.9995170955991425,2025-06-20 22:07:51,22,-1
0.15781169324708744,0.8157965891224451,0.012488576417492459,0.9981453842372804,2025-06-21 09:07:51,9,-1
0.3488900683404903,0.8216583047090673,0.010769044267729289,0.9936775155291808,2025-06-21 23:07:51,23,-1
0.0,0.511988810665919,0.1171180581947513,0.9973228764801902,2025-06-24 05:07:51,5,-1
0.1996850757325519,0.9023470229094271,0.035195468233282456,0.9929485100072393,2025-06-24 08:07:51,8,-1
0.38466139227313123,0.33638102486555777,0.02784309977402044,0.9986464795491778,2025-06-24 22:07:51,22,-1
0.15434656421472592,0.7436167052218005,0.04504904530092113,0.9888258281221771,2025-06-25 05:07:51,5,-1
0.10903130321562693,0.9691525548200594,0.10144849535634926,0.9930024993930808,2025-06-25 21:07:51,21,-1
0.1312355485999983,0.344746320571751,0.056018505578425914,0.9923450670106495,2025-06-26 15:07:51,15,-1
0.08585294127079357,0.841079410223286,0.08407818749338891,0.9943025304700142,2025-06-26 16:07:51,16,-1
0.02408753740126568,0.5965263660367659,0.10519157495671849,0.9902886726149359,2025-06-27 00:07:51,0,-1
0.05053780855041867,0.5148061728271428,0.18799263808792155,0.9888749602490499,2025-06-27 03:07:51,3,-1
0.19639071775153072,0.9628268423846101,0.11916711532015656,0.9885268804997148,2025-06-27 04:07:51,4,-1
0.02293944282136251,0.44256286489680247,0.11319569059761636,0.9935115829911745,2025-06-27 19:07:51,19,-1
0.1981136613634107,0.4012404404965768,0.10861155201721817,0.9981357292445754,2025-06-28 09:07:51,9,-1
0.157416434428727,0.7074182747996302,0.010596258737088915,0.9892393737221719,2025-06-28 18:07:51,18,-1
0.23522148925184672,0.943849705078262,0.1524418550979647,0.9924104614310305,2025-06-28 20:07:51,20,-1
0.39676048117349416,0.5725854638800151,0.08823462386344683,0.9960490007903999,2025-06-28 23:07:51,23,-1
0.12925765102414566,0.8686788774614366,0.06675079590685584,0.9988609608667789,2025-06-29 02:07:51,2,-1
0.30136841328839337,0.584996545059435,0.01962610339597437,0.9967901732698563,2025-06-29 17:07:51,17,-1
0.18964405861054923,0.8399411157955876,0.09714320253099196,0.9892785413251308,2025-06-29 19:07:51,19,-1
0.04481978442760459,0.5285391443096962,0.033716967497093187,0.9963771514919072,2025-06-30 10:07:51,10,-1
0.36769252231248095,0.34682596112440794,0.10110686578991968,0.9930717391434787,2025-06-30 18:07:51,18,-1
0.3766704295092378,0.3618474418418339,0.042994866232967555,0.9947412671483862,2025-06-30 23:07:51,23,-1
0.11042392911317744,0.9070570916410468,0.05354342688007874,0.9923693414004469,2025-07-01 03:07:51,3,-1
0.08258504077659978,0.6686561783350191,0.05599745759576802,0.9902035039123317,2025-07-01 05:07:51,5,-1
0.0262177659618823,0.38785797023076335,0.15018037740993684,0.9999576775597208,2025-07-01 23:07:51,23,-1
0.1726920252324251,0.9842908692763986,0.06570277843574979,1.0,2025-07-03 10:07:51,10,-1
0.045934205842454556,0.5131271050936171,0.1339655077584727,0.998868246755232,2025-07-03 19:07:51,19,-1
0.06027256021884364,0.6206241592143432,0.17745116012699014,0.9978271623445475,2025-07-04 21:07:51,21,-1
0.2101045150903884,0.4273711407312457,0.17760992033838763,0.992081120224874,2025-07-05 00:07:51,0,-1
0.025806472303020245,0.922125305854038,0.12305791094330476,0.9935067852574382,2025-07-05 06:07:51,6,-1
0.09744613095333543,0.7906739971492568,0.1875587935480414,0.9893917583172703,2025-07-05 07:07:51,7,-1
0.011247638869736454,0.6973205016506938,0.09272078528502736,0.9948517697899255,2025-07-06 04:07:51,4,-1
0.1174993024844384,0.3521368890847245,0.10620483924733315,0.993713230668657,2025-07-06 06:07:51,6,-1
0.05741595338351191,0.8566583547806697,0.052910706914704564,0.989144633362188,2025-07-06 13:07:51,13,-1
0.10018407996895684,0.635004723421159,0.030911063329878585,0.9966345147869726,2025-07-06 16:07:51,16,-1
0.3838925216710871,0.8561242576884945,0.16548846315453636,0.9881257161480718,2025-07-09 09:07:51,9,-1
0.14315665077079487,0.6831769430285308,0.12691857513880755,0.9988404484716731,2025-07-09 15:07:51,15,-1
0.3106237232258253,0.35960423405469827,0.17907755695425087,0.9930749296959385,2025-07-09 16:07:51,16,-1
0.08355033817478641,0.6443747892820066,0.10156784061923374,0.9997878282614185,2025-07-09 21:07:51,21,-1
0.019513599148229588,0.7520320725303852,0.038164174144686536,0.990200801466778,2025-07-09 23:07:51,23,-1
0.25575330077191727,0.6588187775185181,0.014328854361305376,0.9911610625168279,2025-07-10 08:07:51,8,-1
0.28040045410668313,0.6837978308981844,0.013902832788363462,0.9918822345181776,2025-07-10 09:07:51,9,-1
0.20197885966628304,0.40296290361884163,0.10450531468564805,0.9969715109380235,2025-07-10 10:07:51,10,-1
0.013466860795135815,0.9141105113645848,0.08502680726692424,0.996807268916619,2025-07-10 11:07:51,11,-1
0.29588289435285,0.45638930337048655,0.03689241181610581,0.9913545790475563,2025-07-10 19:07:51,19,-1
0.0393903874338164,0.41759048773078844,0.16087985529391902,0.9888002322722191,2025-07-10 23:07:51,23,-1
0.13276286715776076,0.6608750513233925,0.04318765935168578,0.9979544630066872,2025-07-11 06:07:51,6,-1
0.042781756199871346,0.9717896592126742,0.05831213546049496,0.9915249640729508,2025-07-11 07:07:51,7,-1
0.0972913947424967,0.536680786858541,0.0004635758157642833,0.9945083330087224,2025-07-12 00:07:51,0,-1
0.027001067920377597,0.5271304632290842,0.07397873717586156,0.9997813519161268,2025-07-12 14:07:51,14,-1
0.1107791008302843,0.9840738923327024,0.11098071054428127,0.9977476009188411,2025-07-12 15:07:51,15,-1
0.14152831271787347,0.8214747088336322,0.14546851038724973,0.99713628868652,2025-07-12 22:07:51,22,-1
0.10897197430577199,0.5741176549131926,0.03349150198704387,0.9961787419870705,2025-07-13 01:07:51,1,-1
0.20324080161374658,0.42838592520637847,0.08781762571272811,0.9970557986671873,2025-07-13 20:07:51,20,-1
0.010217400367518614,0.9745869927329416,0.15769840869848317,0.9941786941764037,2025-07-13 22:07:51,22,-1
0.29492401089086395,0.6808035490751776,0.18875482715574732,0.9951999685897254,2025-07-15 12:07:51,12,-1
0.2308984962526579,0.9757853730835095,0.14086662507622671,0.9910570600306732,2025-07-15 18:07:51,18,-1
0.3373922859589318,0.666009059621926,0.17401629742096025,0.9981338601522761,2025-07-16 07:07:51,7,-1
0.3122576734729223,0.9363623314673316,0.016267569638461543,0.9896587170798083,2025-07-17 16:07:51,16,-1
0.06604029234721231,0.7112771262905956,0.10160501471788219,0.9977632322448852,2025-07-18 02:07:51,2,-1
0.080309696909445,0.8008652372893238,0.18167642260003558,0.9964996544203105,2025-07-18 04:07:51,4,-1
0.03977442186382585,0.9417166548163876,0.07508609715320658,0.9915728223598489,2025-07-18 16:07:51,16,-1
0.1579295493247732,0.9324968037627139,0.09168471234400388,0.9959470697823348,2025-07-18 23:07:51,23,-1
0.3812636095708759,0.6168721271418128,0.10674448391296898,0.9897215042950075,2025-07-19 04:07:51,4,-1
0.23484948095221325,0.519396069713023,0.0043919656969104715,0.9910815963314933,2025-07-19 08:07:51,8,-1
0.24102850673944354,0.8639487800888604,0.037975762687757264,0.989182158068731,2025-07-19 14:07:51,14,-1
0.04008629951157894,0.8622997553167697,0.026796582872020247,0.9987277433965327,2025-07-19 22:07:51,22,-1
0.006937473742949063,0.9540109022568941,0.14014365088103342,0.9956042282534564,2025-07-19 23:07:51,23,-1
0.3342847338697523,0.7758327742004401,0.12134780236752607,0.9895717864303233,2025-07-21 09:07:51,9,-1
0.23113340666600424,0.722857018870318,0.06516167321618416,0.9978710443459173,2025-07-21 11:07:51,11,-1
0.3885041417993016,0.9951230259270758,0.15431446530411153,0.9981063952100189,2025-07-21 22:07:51,22,-1
0.13064787169562053,0.9477586281716188,0.07044359643838538,0.9985179050470636,2025-07-22 23:07:51,23,-1
0.3220509523091777,0.8842745125529509,0.07431804586207402,0.991489213218335,2025-07-23 02:07:51,2,-1
0.17909313356060075,0.6250137696906577,0.00032420295721369286,0.9972391720983045,2025-07-23 11:07:51,11,-1
0.33744039048043595,0.8889912574982225,0.19985071538231614,0.9967366838959675,2025-07-24 02:07:51,2,-1
0.18965207603080003,1.0,0.1360414350746666,0.9919748914950254,2025-07-24 18:07:51,18,-1
0.25148482623043367,0.4071989611811558,0.015445898011279935,0.9966150738460511,2025-07-25 17:07:51,17,-1
0.16460645690957332,0.9825850966882643,0.08610855753152968,0.998415331166488,2025-07-25 21:07:51,21,-1
0.39162291827683204,0.4745385901839631,0.08247768048510107,0.9988949616795603,2025-07-27 08:07:51,8,-1
0.32829251397436376,0.49726775956284164,0.1142084947137052,0.9914809511160696,2025-07-27 18:07:51,18,-1
0.016002770820438883,0.5247270263142961,0.013217012684230811,0.9951771704256931,2025-07-28 14:07:51,14,-1
0.151464301634592,0.6433199475249607,0.12590182952786688,0.9892996608776077,2025-07-28 23:07:51,23,-1
0.3538047469541823,0.44527674574641746,0.08004117641656783,0.9896319664403407,2025-07-29 02:07:51,2,-1
0.3128589799917263,0.33616070981503554,0.03936827081038774,0.9957321717881066,2025-07-30 04:07:51,4,-1
0.3203448452798243,0.6844420855156207,0.07201427213284939,0.9897638029251938,2025-07-30 05:07:51,5,-1
0.13871981040404613,0.8706216556342236,0.02894561791505068,0.9925386668767036,2025-07-30 16:07:51,16,-1
0.37009053270947123,0.9123746958150155,0.09111473617484189,0.998136181636342,2025-07-31 07:07:51,7,-1
0.29839314863335087,0.7241054708232773,0.19076266864971259,0.9966654440977589,2025-07-31 17:07:51,17,-1
0.28714711324766484,0.9833895804333531,0.19899719167491492,0.9885510953642798,2025-07-31 21:07:51,21,-1
0.2818732542067406,0.8894552543470498,0.08836215222985477,0.9919795582732502,2025-07-31 23:07:51,23,-1
0.06125790116765706,0.5775826097986788,0.011933585931800605,0.99604058392253,2025-08-02 07:07:51,7,-1
0.17802040273105413,0.42275787709758295,0.062256251305870425,0.9952859825506306,2025-08-02 12:07:51,12,-1
0.36921262519201736,0.8132395992936566,0.16627802260285263,0.9920649531717378,2025-08-02 21:07:51,21,-1
0.14293376648782496,0.6339732484118957,0.17634828184937446,0.9965953233739208,2025-08-03 03:07:51,3,-1
0.32728632773289834,0.6866619265549736,0.11202028481321835,0.9902088849933461,2025-08-03 18:07:51,18,-1
0.15607832698888147,0.46377653377663397,0.18592773495275838,0.9998377104062203,2025-08-04 06:07:51,6,-1
0.041659317364770576,0.7902467194755166,0.04476147623747817,0.9940076662784987,2025-08-04 16:07:51,16,-1
0.3765758239502792,0.9501019791635371,0.16134591205060467,0.9983210908184568,2025-08-04 19:07:51,19,-1
0.11162574040876039,0.5495825697413969,0.1379890337209293,0.9893006728065595,2025-08-06 14:07:51,14,-1
0.11367579476686962,0.7594793888594022,0.03912279771226057,0.9989842257181577,2025-08-07 14:07:51,14,-1
0.3375903162391245,0.7875395148395539,0.009736092510445715,0.9995513226078072,2025-08-08 02:07:51,2,-1
0.19526427020630432,0.6192955926975575,0.08526779866532208,0.9889681291428967,2025-08-08 05:07:51,5,-1
0.38000327110746257,0.9582069025372951,0.17072048745207113,0.992973784420942,2025-08-08 11:07:51,11,-1
0.16909380702390187,0.4349953767220459,0.044673442849935574,0.9975692514173434,2025-08-08 12:07:51,12,-1
0.23071249210284117,0.911019424443621,0.17717221433400865,0.9912448145188996,2025-08-09 08:07:51,8,-1
0.2974294547192142,0.7381689148816141,0.030125285315709238,0.9994737374198184,2025-08-09 11:07:51,11,-1
0.2869402638051961,0.8531299758654878,0.020551874503924594,0.9896799794928431,2025-08-09 13:07:51,13,-1
0.3597288187774397,0.9335082501310207,0.04054237610156064,0.9923773534967361,2025-08-10 15:07:51,15,-1
0.003627882663451265,0.5829536236818651,0.13864546267817568,0.9964263669541054,2025-08-10 19:07:51,19,-1
0.0258770256012264,0.9881263540195815,0.10558406381204155,0.9922736486367437,2025-08-10 23:07:51,23,-1
0.0014174799003277005,0.41308404351556066,0.0007988829843608158,0.9903112088679454,2025-08-11 05:07:51,5,-1
0.25674104694680633,0.9776079794105571,0.050013388077562615,0.9945578580021295,2025-08-11 06:07:51,6,-1
0.007173185898319945,0.8642825907714698,0.09583448618723156,0.9932516363010202,2025-08-11 11:07:51,11,-1
0.2745613669380833,0.3624416248568787,0.12077810630459718,0.9924608912079709,2025-08-11 20:07:51,20,-1
0.014453003485974447,0.9571487226734231,0.17245014344140164,0.9961650988037906,2025-08-12 11:07:51,11,-1
0.056959762171245876,0.9200356509809027,0.15284478791426448,0.9918700199404767,2025-08-12 13:07:51,13,-1
0.18743285410540045,0.34171531957365703,0.007876167115140165,0.9895734412317857,2025-08-13 00:07:51,0,-1
0.33590184753432273,0.7073281459153256,0.017120933285157847,0.9953834134511216,2025-08-13 01:07:51,1,-1
0.12879344239162882,0.8299101047831733,0.00184321905926077,0.9959067354848198,2025-08-14 14:07:51,14,-1
0.0021671086937702366,0.45882278324670955,0.12952842495044692,0.9906337999127408,2025-08-15 12:07:51,12,-1
0.12067740787182402,0.5732096898564948,0.16972825113652612,0.9962415053921766,2025-08-15 14:07:51,14,-1
0.2923263667296303,0.747091674427765,0.00042812236969025363,0.99941725987926,2025-08-15 23:07:51,23,-1
0.3979414471764249,0.40693858884872036,0.15543529038823278,0.9930855847125489,2025-08-16 12:07:51,12,-1
0.14913604279378267,0.5382229922121968,0.10000086632856409,0.9968864731909306,2025-08-16 19:07:51,19,-1
0.09076280943233472,0.8480527153829978,0.19736991451377883,0.9936308834620714,2025-08-16 21:07:51,21,-1
0.09368034866157204,0.9744200873916368,0.034218337646735986,0.9900925845941652,2025-08-17 20:07:51,20,-1
0.2983233970771695,0.7009089664887456,0.02461713629511153,0.9996650396118993,2025-08-18 00:07:51,0,-1
0.25505738869415495,0.45270403343447807,0.012921540623497041,0.9938755678826228,2025-08-18 09:07:51,9,-1
0.10807241975364112,0.9895183445660629,0.04381483721516255,0.9996663015468276,2025-08-19 06:07:51,6,-1
0.25615417178445354,0.9255435272439588,0.029948198153632033,0.9996143003037502,2025-08-20 22:07:51,22,-1
0.37790110351772355,0.5819555297408627,0.13916497971020525,0.9952410052849836,2025-08-21 05:07:51,5,-1
0.12954387292709613,0.9157628742435016,0.14555358265175666,0.9936721225431199,2025-08-22 10:07:51,10,-1
0.16023856635698053,0.4210921617913617,0.0624492445004694,0.9900578813836408,2025-08-22 16:07:51,16,-1
0.023899929767398964,0.9572054704894667,0.0725860890001142,0.9927880537906193,2025-08-22 17:07:51,17,-1
0.13519054200967906,0.34843826672141165,0.17822545378560295,0.9994735231289815,2025-08-22 18:07:51,18,-1
0.09233743076957635,0.617833501907728,0.01693552296644052,0.9977191478577251,2025-08-22 23:07:51,23,-1
0.1290499998396517,0.33513591101942447,0.047299878952091534,0.9937690772417512,2025-08-23 07:07:51,7,-1
0.04800109678309061,0.945725721114527,0.015192521915861956,0.9954579033270224,2025-08-23 19:07:51,19,-1
0.07649581009617701,0.5331690984774895,0.19170048432568554,0.9963592343969366,2025-08-24 03:07:51,3,-1
0.25615337004242833,0.7132499474248175,0.14018160527561707,0.9986960997829568,2025-08-26 19:07:51,19,-1
0.010434672456313354,0.8290355207947364,0.06263035318775012,0.9936905277449967,2025-08-27 01:07:51,1,-1
0.04241936880453867,0.9933104339205063,0.19922177685108888,0.9990912282760284,2025-08-27 12:07:51,12,-1
0.3351297699641782,0.7595962225983156,0.024393351422460796,0.9898337450733347,2025-08-27 17:07:51,17,-1
0.3313247023131862,0.9244285995640432,0.19514849201708273,0.9940534292772142,2025-08-28 02:07:51,2,-1
0.2848196561488803,0.6600905962192603,0.17300529398779796,0.9997903045110889,2025-08-28 04:07:51,4,-1
0.2511480945799034,0.8598929802951554,0.027586722540390962,0.9926848370375331,2025-08-28 06:07:51,6,-1
0.16524223833545548,0.750126013532685,0.006125523165916302,0.996128359830316,2025-08-28 17:07:51,17,-1
0.2841886851751487,0.802991611337546,0.0,0.9906430620389116,2025-08-29 00:07:51,0,-1
0.019558496701633565,0.7059228029415398,0.1850228117515853,0.9885075228941188,2025-08-29 14:07:51,14,-1
0.35339345329532024,0.8512806646838313,0.08124917456194458,0.9924513195505912,2025-08-31 13:07:51,13,-1
0.16905051295454787,0.5932750499881497,0.010777987659600141,0.993150598171442,2025-08-31 16:07:51,16,-1
0.3817887505972981,0.9592884491489497,0.04904970259020458,0.9882263495060692,2025-09-01 09:07:51,9,-1
0.025127396807784308,0.6340934202576352,0.08461381063382145,0.9933392693482483,2025-09-01 12:07:51,12,-1
0.06760930149027833,0.6963691412052568,0.02161177648234891,0.9940733107048559,2025-09-02 02:07:51,2,-1
0.3047405402458465,0.9325201705104967,0.07527552899712764,0.9932978993116883,2025-09-02 13:07:51,13,-1
0.27683590906321287,0.7919124347817379,0.039131801126895516,0.99133705481912,2025-09-02 16:07:51,16,-1
0.07019091081101014,0.6739237109065964,0.032017502958172184,0.9928658532694449,2025-09-02 19:07:51,19,-1
0.2172071476905022,0.45286092445530446,0.17831696849347112,0.9987879472166431,2025-09-03 09:07:51,9,-1
0.24675294479845844,0.8320264645109173,0.19733614170510339,0.9996960403529647,2025-09-03 15:07:51,15,-1
0.3785072204886779,0.7167282547376082,0.0942474042705439,0.9922689699534722,2025-09-04 03:07:51,3,-1
0.35362194977246597,0.3371754942901683,0.13772017175233908,0.9968607821006008,2025-09-04 04:07:51,4,-1
0.1774054665978242,0.6456265793417921,0.17236881259586534,0.9901550860882484,2025-09-04 17:07:51,17,-1
0.06624072785348023,0.3788684485480905,0.07644389211052216,0.9887768150457693,2025-09-06 03:07:51,3,-1
0.3526614628264295,0.3826705522230123,0.06767004454109293,0.996696171022755,2025-09-06 15:07:51,15,-1
0.17172352086613807,0.6628044770688752,0.023959806996401545,0.9969455817467637,2025-09-07 10:07:51,10,-1
0.3772340541528636,0.611624623211192,0.01541196514190002,0.9934282595707765,2025-09-07 11:07:51,11,-1
0.162243723161686,0.7007320468269626,0.0020406339308249866,0.9888820199416196,2025-09-08 17:07:51,17,-1
0.17014489081877127,0.3444325385300981,0.174185561616099,0.997115335804694,2025-09-09 14:07:51,14,-1
0.30349463313888436,0.7206939256470086,0.003108338868599514,0.9929277357011106,2025-09-10 01:07:51,1,-1
0.331323900571161,0.687029118305844,0.014786147794412896,0.9929329143963347,2025-09-10 05:07:51,5,-1
0.24946764329535243,0.5144723621445334,0.026184810851363816,0.996426140758222,2025-09-10 07:07:51,7,-1
0.14707797101542264,0.9286045712034876,0.04949773251003209,0.9890591551283751,2025-09-10 16:07:51,16,-1
0.28438270674521626,0.43375693908956475,0.011768063155632724,0.9940352383661744,2025-09-10 18:07:51,18,-1
0.30831630967766777,0.8993794459410291,0.041426091259371356,0.9957757918784536,2025-09-11 03:07:51,3,-1
0.10717286520151004,0.6768779354476903,0.013777965431169603,0.9906082754930619,2025-09-12 04:07:51,4,-1
0.24999358606379984,0.973335202673156,0.12638035101192502,0.9897583266038075,2025-09-12 06:07:51,6,-1
0.0007351974369913528,0.8201761852782813,0.1269818791474857,0.9975114762267174,2025-09-13 02:07:51,2,-1
0.08061435887897228,0.9409589045668639,0.14481072091401415,0.9969720109499761,2025-09-13 20:07:51,20,-1
0.2806473906504052,0.98976870257802,0.1270612692569788,0.9930036303724975,2025-09-14 00:07:51,0,-1
0.03902078436025813,0.49299832093226653,0.19801840045855812,0.9918764486655824,2025-09-14 11:07:51,11,-1
0.03942646582494458,0.6686461640145408,0.14328106077510983,0.9935831561306847,2025-09-15 01:07:51,1,-1
0.09230295586249837,0.9242483417954341,0.14016329833252583,0.9915480003379129,2025-09-15 09:07:51,9,-1
0.2904374625185606,0.7528899659846914,0.030542303474015986,0.9995736207598868,2025-09-16 17:07:51,17,-1
0.004050400710664315,0.686531740388756,0.010118157412380535,0.9892903392262045,2025-09-16 19:07:51,19,-1
0.27993865070024193,0.37631145871930194,0.14904082522337458,0.9932479219265147,2025-09-17 06:07:51,6,-1
0.38138627610071185,0.5204041779745036,0.1948143853037705,0.9890022609111895,2025-09-17 14:07:51,14,-1
0.3249957507672674,0.7736730190839567,0.0007701520878811152,0.9912651126231685,2025-09-17 19:07:51,19,-1
0.2048314577914898,0.37135103197572533,0.1251791354389069,0.9910082493400557,2025-09-18 01:07:51,1,-1
0.09018635691630816,0.6090042093527077,0.17573737015500512,0.9990220361458165,2025-09-18 04:07:51,4,-1
0.3720844651258257,0.7686124491355972,0.18470195006158052,0.9921184187355336,2025-09-18 18:07:51,18,-1
0.09597573607935361,0.46163346919428117,0.07737382479679278,0.9959064497637039,2025-09-18 22:07:51,22,-1
0.15935905535547645,0.8936245497728419,0.01529205966654934,0.9906064421159021,2025-09-19 00:07:51,0,-1
0.39523316261573194,0.8416468883837221,0.08160424922756215,0.9975089523568612,2025-09-20 00:07:51,0,-1
0.3661916612415459,0.37078021570846315,0.16425925696579724,0.9960868231231053,2025-09-20 01:07:51,1,-1
0.18077438658717693,0.8045037737297669,0.005721329871567482,0.9950084521068076,2025-09-20 16:07:51,16,-1
0.10978734594526984,0.9169145210985041,0.0429506894784919,0.9929179616579407,2025-09-20 17:07:51,17,-1
0.3583834956593688,0.9936943162055073,0.04771569665511377,0.9891876939153499,2025-09-21 08:07:51,8,-1
0.053830563047389424,0.5081032543203448,0.006214116765925093,0.9949925112495547,2025-09-22 14:07:51,14,-1
0.07826445300348617,0.7369538439969155,0.07671743585472246,0.9892695649200758,2025-09-22 18:07:51,18,-1
0.03605433886749143,0.7879367495518592,0.18699838100598054,0.9909228901567076,2025-09-23 01:07:51,1,-1
0.17586291494158512,0.9508931104813217,0.1888573460370584,0.9993132692981519,2025-09-23 08:07:51,8,-1
0.13711071415972653,0.7938852559159598,0.11255960935744524,0.9881433237118336,2025-09-23 09:07:51,9,-1
0.15810513082826394,0.9036455464647781,0.01242361177900353,0.9912044683163379,2025-09-23 15:07:51,15,-1
0.09097286584290365,0.5973008068204199,0.18272329963862122,0.9901491692801418,2025-09-24 11:07:51,11,-1
0.25149685236080965,0.4093119828020737,0.12587115789534375,0.9936454433339312,2025-09-24 12:07:51,12,-1
0.20138396708367967,0.690517439939113,0.08522004055258026,0.9981450270858856,2025-09-26 14:07:51,14,-1
0.025691021451409668,0.6201968815406032,0.09090159533904862,0.9992449938565199,2025-09-27 06:07:51,6,-1
0.0046709490380703045,0.5270203057038231,0.19375654410691845,0.9961470269432156,2025-09-27 11:07:51,11,-1
0.202099922712069,0.3901479115134643,0.13294542088032335,0.9896826462232574,2025-09-27 17:07:51,17,-1
0.13679001734969787,0.6136041205590661,0.03928726008626038,0.9983385198065211,2025-09-27 23:07:51,23,-1
0.2985350569717886,0.7223863458078386,0.019869915864290988,0.9978540915597126,2025-09-28 21:07:51,21,-1
0.21740517797069492,0.9216613090052108,0.0036259751873497503,0.9885650599838149,2025-09-30 11:07:51,11,-1
0.03024732137989461,0.4780803215264496,0.17074649731657243,0.9974491294982386,2025-09-30 22:07:51,22,-1
0.18290381340576833,0.4854541995052926,0.1713473852093148,0.9975044641543337,2025-10-02 01:07:51,1,-1
0.3500485855667195,0.7772414552810519,0.04297533882700377,0.996960855921413,2025-10-02 04:07:51,4,-1
0.3058060553971671,0.9552693685303316,0.18256095806895756,0.9882972916781154,2025-10-02 11:07:51,11,-1
0.15008370186741793,0.359560838665959,0.17845940251299752,0.99771244531655,2025-10-03 10:07:51,10,-1
0.38651101112497255,0.4573773829910105,0.18862335729448776,0.9961225977878139,2025-10-03 15:07:51,15,-1
0.30215572395701384,0.38101485123726936,0.05286677025128572,0.9921742534035815,2025-10-04 08:07:51,8,-1
0.3650996886033977,0.7954341374832677,0.15196023243775447,0.9927338977341269,2025-10-04 09:07:51,9,-1
0.14673883413881716,0.9660781584332262,0.1957790911781203,0.988687193855777,2025-10-05 21:07:51,21,-1
0.334158058629791,0.5438276735732097,0.045996884778521485,0.9966296932431433,2025-10-06 06:07:51,6,-1
0.022768671770022175,0.4484779901926422,0.16027072427488864,0.9998567346705146,2025-10-06 16:07:51,16,-1
0.31162429727311514,0.9291553588297933,0.19692638630126869,0.9914452478816399,2025-10-07 01:07:51,1,-1
0.3199111028442603,0.4266167285885483,0.1611014593394693,0.9882401474549535,2025-10-08 13:07:51,13,-1
0.2986120242061956,0.8153592971282267,0.027257957853095593,0.9895894535193175,2025-10-08 19:07:51,19,-1
0.09412291025941188,0.7673105874734204,0.12962584189679816,0.9997103502188481,2025-10-08 20:07:51,20,-1
0.26067840203193526,0.4106572398529898,0.1367219131527826,0.9923297095006748,2025-10-09 05:07:51,5,-1
0.02456216868010852,0.5001452076469352,0.07770084882392525,0.9979540582351064,2025-10-09 10:07:51,10,-1
0.3745193556559696,0.4300049070170344,0.030319158844183347,0.992292625280852,2025-10-09 14:07:51,14,-1
0.23404132499094055,0.6868588748577132,0.18449461142632972,0.9978349601499998,2025-10-10 21:07:51,21,-1
0.20010278332761455,0.4583087147954909,0.18377419820241037,0.9975549534565065,2025-10-11 01:07:51,1,-1
0.2643407596024645,0.45329154023587065,0.07463246510871735,0.9989025570992222,2025-10-11 05:07:51,5,-1
0.28950182957530135,0.9383685336698145,0.043975638200544065,0.9981650513740853,2025-10-11 06:07:51,6,-1
0.14433841851575124,0.8494213391816965,0.178599635697835,0.9933206141403952,2025-10-11 07:07:51,7,-1
0.12172849166669386,0.9854925877337927,0.10492757483203086,0.9994484868162087,2025-10-11 12:07:51,12,-1
0.048116547634700746,0.8431924318442039,0.1822906155388495,0.9919451884040277,2025-10-11 22:07:51,22,-1
0.30807819229622124,0.8103788417436936,0.19112876749636087,0.9987886138992466,2025-10-12 15:07:51,15,-1
0.11138601954326388,0.9527123787015432,0.15149857735044625,0.9991604799314727,2025-10-12 17:07:51,17,-1
0.02385984266614516,0.9657376715369645,0.11857319006806533,0.9927527196126308,2025-10-12 23:07:51,23,-1
0.2314869748990609,0.4361904189657878,0.1831501615302622,0.9905338213323005,2025-10-13 09:07:51,9,-1
0.3449102209280328,0.40801345924672283,0.019680804141778863,0.9947024328867291,2025-10-13 10:07:51,10,-1
0.19708101763511765,0.4524436611020426,0.09411171280819985,0.9921418240569371,2025-10-15 11:07:51,11,-1
0.054263503740928476,0.8178662153546238,0.11940290474565418,0.9953044829928792,2025-10-16 02:07:51,2,-1
0.04272723774216636,0.9081553287868319,0.002398969833299347,0.9927053256225459,2025-10-16 05:07:51,5,-1
0.1727353193017791,0.36100290081483194,0.17183454997142245,0.9901657649149518,2025-10-17 03:07:51,3,-1
0.1412340733946722,0.7698341962339479,0.017601795657021135,0.9908710674893276,2025-10-20 05:07:51,5,-1
